"","G0Sample1","G0Sample2","G0Sample3","G0Sample4","G0Sample5","G0Sample6","G0Sample7","G0Sample8","G0Sample9","G0Sample10","G0Sample11","G0Sample12","G0Sample13","G0Sample14","G0Sample15","G0Sample16","G0Sample17","G0Sample18","G0Sample19","G0Sample20","G0Sample21","G0Sample22"
"Feature1",0.560957297,0.649451312,0.384542137,0.235775176,0.688333025,0.240656597,0.558012713,0.386356221,0.535499721,0.434947353,0.462284298,0.802797618,0.162729621,0.649809316,0.711916049,0.372861506,0.800992494,0.414665355,0.375352604,0.18109511,0.85765944,0.630343506
"Feature2",0.361587287,0.887827809,0.782349304,0.355777292,0.050471351,0.953107412,0.541557741,0.313227043,0.442985161,0.135835285,0.713548253,0.910703489,0.50459377,0.396529738,0.490863696,0.74890111,0.212800395,0.645253345,0.681124707,0.664892941,0.291308889,0.988175427
"Feature3",0.738803905,0.607882845,0.2136104,0.640840399,0.152624443,0.416911709,0.790060395,0.192455818,0.98142207,0.278218939,0.353405848,0.714363597,0.646625672,0.643822322,0.735743108,0.484121844,0.148957294,0.188359113,0.751039121,0.742880483,0.671800673,0.446573636
"Feature4",NA,NA,NA,NA,NA,NA,NA,NA,NA,NA,NA,NA,NA,NA,NA,NA,NA,NA,NA,NA,NA,NA
"Feature5",0.908661422,0.933915858,0.90025223,0.924197481,0.879866295,0.928445651,0.87924925,0.945101207,0.905190947,0.919447223,0.909805164,0.941621687,0.947107801,0.923165664,0.904622764,0.902075869,0.899644552,0.92542293,0.906952257,0.93439766,0.906877484,0.930706806
"Feature6",0.941232068,0.951233801,0.947097961,0.940196219,0.923813833,0.931757983,0.941366231,0.94820875,0.952839702,0.944178235,0.938907271,0.967103022,0.975774757,0.944244995,0.954822096,0.935492867,0.935475878,0.960398209,0.942526537,0.944010778,0.960313929,0.969887437
"Feature7",0.534339555,0.97373652,0.384866996,0.382882637,0.199523032,0.153157986,0.046536839,0.305134414,0.797651129,0.16015606,0.384854054,0.557709239,0.476431613,0.616095465,0.118803403,0.916769835,0.434139394,0.23205688,0.113283192,0.382952755,0.682484641,0.191791856
"Feature8",0.470517293,0.973136521,0.274340102,0.410080202,0.232273782,0.218117213,0.046325702,0.351075513,0.740008114,0.094032178,0.478840098,0.62575007,0.284098218,0.603416409,0.150111512,0.946936851,0.382359293,0.191510749,0.059590679,0.35148208,0.799086134,0.228561197
"Feature9",0.746747422,0.784046535,0.739090486,0.816541398,0.708184913,0.835023488,0.939644072,0.828916035,0.922713333,0.813966695,0.763424884,0.915758753,0.841195483,0.991539523,0.807807038,0.984228807,0.745830304,0.789504625,0.771276616,0.813280937,0.79581527,0.82103988
"Feature10",0.240863091,0.605307646,0.924735105,0.246258538,0.740244223,0.567142322,0.250402003,0.725026339,0.973086734,0.436972882,0.500130282,0.340816355,0.402568973,0.690228213,0.614408129,0.449167154,0.44223882,0.606482992,0.30438407,0.364074423,0.294482918,0.63093982
"Feature11",0.352292904,0.375087834,0.21857334,0.383117836,0.764177999,0.2785583,0.545730585,0.862597401,0.962203151,0.593386301,0.5391455,0.615165071,0.396224426,0.870140575,0.505039871,0.598291298,0.117002733,0.418111469,0.692063342,0.242955658,0.434727757,0.801972353
"Feature12",0.325756602,0.157213282,0.708867719,0.50911615,0.771880477,0.354350661,0.653409484,0.950336892,0.959355573,0.678893746,0.455479789,0.71565688,0.477042101,0.734240945,0.743308699,0.190300708,0.195464888,0.727844821,0.854542276,0.330544166,0.526078705,0.775654089
"Feature13",0.457742746,0.613190253,0.707762442,0.476923064,0.803252804,0.467363745,0.355607357,0.872406426,0.828101384,0.823481386,0.566003799,0.62801169,0.570317398,0.534429711,0.693411034,0.311339856,0.317671648,0.770262771,0.716196783,0.675058719,0.405611306,0.96013272
"Feature14",0.423700846,0.633492518,0.551506571,0.393000941,0.533068676,0.185861512,0.124071247,0.563138576,0.854947604,0.925189049,0.505972176,0.299362378,0.271860415,0.802115656,0.448254974,0.104140129,0.464289292,0.527076639,0.460848568,0.592571734,0.292371841,0.930009168
"Feature15",0.40253124,0.822647943,0.578429026,0.389680081,0.300079387,0.17833262,0.114753944,0.425502888,0.853006979,0.946046073,0.506524323,0.413399346,0.256230473,0.860251143,0.238740893,0.201682394,0.495469643,0.275026919,0.4459351,0.671534062,0.493981179,0.897164492
"Feature16",0.403818282,0.844573607,0.470902268,0.533957165,0.105266927,0.226843647,0.153607451,0.368876712,0.725018753,0.938145166,0.412231744,0.508475828,0.304932768,0.879007825,0.295917752,0.254393864,0.578551054,0.336221883,0.509854245,0.547951269,0.561317885,0.692060735
"Feature17",0.238028152,0.488560143,0.293081254,0.442869476,0.081683214,0.401869615,0.315311645,0.042312927,0.758038824,0.445948123,0.7473535,0.441653749,0.53472695,0.679701921,0.550292922,0.703811367,0.504680848,0.267897084,0.660380492,0.10509295,0.699859085,0.808212539
"Feature18",0.880677279,0.640001737,0.819532838,0.597049152,0.840765528,0.715902103,0.541147393,0.627447542,0.816332231,0.571846567,0.591180447,0.681444234,0.70422326,0.643737295,0.580794121,0.566975002,0.532664738,0.580169077,0.617648362,0.908718559,0.628527831,0.64684487
"Feature19",0.473596233,0.812440118,0.630089848,0.487951759,0.553207641,0.588646902,0.66636391,0.606983975,0.528181656,0.727550424,0.850010369,0.873792959,0.675471401,0.557048005,0.905529584,0.679107771,0.867152906,0.801117445,0.534036371,0.654371004,0.551131623,0.535702816
"Feature20",0.725142968,0.417668061,0.787110203,0.258590953,0.809851605,0.571156653,0.683583251,0.826188065,0.889355675,0.916605707,0.209844922,0.262916725,0.749607162,0.826329387,0.720176557,0.713684142,0.658559241,0.509097474,0.695789329,0.296859577,0.686645505,0.764628895
"Feature21",0.527723411,0.414234534,0.827730756,0.189108276,0.732540748,0.556893722,0.785066904,0.603944457,0.601319206,0.616711511,0.239989985,0.359765242,0.959643285,0.937111481,0.643512721,0.473198451,0.701307279,0.553987646,0.656488529,0.398871766,0.70014005,0.748579152
"Feature22",0.624080464,0.720829224,0.362321926,0.294331162,0.35599857,0.614235524,0.470485508,0.42446227,0.200933641,0.198054625,0.320505716,0.845690257,0.756371555,0.31830735,0.775262132,0.268912703,0.408027886,0.210607864,0.757199175,0.446979668,0.892233597,0.571976425
"Feature23",0.605098111,0.961900863,0.454206551,0.444699733,0.32635604,0.946741402,0.47524064,0.7987217,0.704569565,0.498450185,0.76155112,0.522387405,0.6596314,0.516437086,0.664902606,0.769022555,0.456058588,0.567612788,0.50085193,0.810296111,0.73029982,0.548001353
"Feature24",NA,NA,NA,NA,NA,NA,NA,NA,NA,NA,NA,NA,NA,NA,NA,NA,NA,NA,NA,NA,NA,NA
"Feature25",0.565953518,0.566582234,0.591761701,0.565050594,0.714608133,0.702238568,0.637962655,0.71181218,0.979635774,0.679071591,0.865898892,0.652567249,0.770927857,0.771008318,0.651060882,0.85039572,0.621800295,0.903539457,0.635912647,0.689883959,0.688198989,0.784918694
"Feature26",0.598200399,0.504062664,0.533974107,0.491456923,0.906878529,0.546478107,0.473285276,0.544115649,0.764330426,0.520932404,0.740660555,0.526632118,0.689827194,0.940499971,0.507192975,0.501117342,0.474786935,0.727107271,0.967280458,0.800649316,0.631274124,0.54573887
"Feature27",0.484269478,0.60993454,0.079993816,0.16929859,0.516141892,0.204994606,0.940838341,0.801341188,0.876780435,0.59375823,0.401417824,0.62918463,0.706613912,0.77805201,0.589263997,0.933985134,0.232813416,0.77919095,0.559600314,0.183825905,0.498542135,0.627131374
"Feature28",0.933325397,0.934799221,0.933045741,0.930395403,0.938004932,0.959818311,0.931934607,0.949514246,0.942286994,0.940761525,0.97632157,0.961882846,0.962646692,0.940874041,0.940200411,0.942800824,0.933493579,0.948287057,0.948405632,0.967630634,0.949121787,0.968565639
"Feature29",0.882462948,0.881678923,0.880148138,0.905746807,0.899149508,0.927091961,0.913723985,0.97852103,0.934664901,0.932162102,0.958811545,0.939116916,0.942448304,0.891544902,0.905352451,0.902671249,0.915140001,0.925595249,0.920457234,0.936291597,0.92955197,0.925474979
"Feature30",0.871779241,0.905672107,0.888610289,0.905860783,0.88306152,0.928327138,0.919667666,0.959016463,0.912973333,0.910580742,0.958745819,0.93637755,0.931094144,0.918573006,0.912870338,0.912081751,0.883712687,0.925722062,0.902607169,0.92599649,0.921762385,0.93927129
"Feature31",0.860157806,0.873781688,0.882989107,0.884103512,0.875657808,0.904220747,0.900929102,0.928377914,0.966156961,0.903179141,0.914133696,0.929577175,0.932854002,0.893253067,0.901721738,0.876621668,0.858400404,0.890100177,0.865093223,0.913726132,0.885715657,0.943603502
"Feature32",0.897148183,0.907961526,0.895480034,0.905706247,0.842890861,0.934803757,0.919448851,0.93911935,0.912681787,0.925348992,0.926936934,0.963395481,0.958340959,0.924201271,0.926882999,0.909846867,0.921085848,0.9232669,0.913727197,0.951964861,0.934763536,0.93415908
"Feature33",0.684330256,0.683007771,0.662698786,0.695325429,0.958407517,0.805504266,0.834302854,0.948387219,0.721050016,0.738471233,0.714900068,0.840464646,0.792933573,0.918696893,0.719199483,0.700647607,0.846935921,0.763470164,0.73532297,0.758360562,0.747877221,0.716098379
"Feature34",0.593184872,0.416346995,0.36809522,0.410381152,0.803983485,0.520307973,0.426454509,0.510764291,0.972253016,0.626207542,0.69325151,0.926946402,0.602736483,0.623371103,0.680889476,0.661984619,0.409204437,0.487249279,0.796354437,0.507502722,0.792739805,0.856767783
"Feature35",0.528960891,0.286431792,0.507829673,0.324759898,0.76660971,0.297206477,0.492795752,0.362472815,0.989325579,0.341082995,0.436705351,0.678037713,0.118863027,0.743065253,0.910317021,0.658715177,0.187157524,0.300507932,0.784757448,0.294264083,0.681877553,0.620664991
"Feature36",0.336585341,0.60066141,0.338503777,0.777080303,0.731850113,0.454910494,0.385995705,0.694452875,0.476055897,0.788910102,0.846099038,0.64955173,0.925830872,0.443001936,0.365603146,0.391854019,0.591080395,0.431058038,0.438941553,0.466164959,0.443898559,0.761672588
"Feature37",0.299425971,0.703622911,0.462627565,0.796842981,0.781804835,0.423646103,0.349178002,0.686123124,0.458303733,0.771726794,0.834818281,0.623126248,0.930020099,0.413227857,0.343338793,0.351213091,0.565275817,0.412150941,0.402917346,0.456540044,0.404505016,0.814348361
"Feature38",0.852225692,0.362775827,0.771951821,0.360188478,0.614705983,0.408389794,0.336689899,0.464013763,0.984552235,0.357019599,0.91727328,0.395181419,0.53976229,0.673547474,0.622099384,0.878826122,0.422953628,0.439428607,0.611976718,0.822759504,0.504717549,0.899356101
"Feature39",0.437904108,0.965846125,0.893642824,0.624042328,0.67703398,0.587919496,0.622115146,0.510170702,0.970690294,0.675817213,0.616414655,0.770924344,0.625724478,0.717687122,0.711476973,0.438410771,0.436262402,0.936196502,0.777640436,0.833194431,0.879544825,0.75112661
"Feature40",NA,NA,NA,NA,NA,NA,NA,NA,NA,NA,NA,NA,NA,NA,NA,NA,NA,NA,NA,NA,NA,NA
"Feature41",0.267554102,0.630558756,0.710378894,0.481441482,0.64796584,0.625133604,0.316103694,0.79716165,0.86052387,0.363181382,0.313245888,0.674555627,0.530727756,0.406006407,0.687929965,0.349009966,0.684060128,0.379356015,0.395429796,0.429668692,0.387453591,0.712079345
"Feature42",0.562740684,0.777556444,0.804535866,0.418730176,0.726100095,0.523612269,0.760596483,0.537977025,0.822366562,0.451326133,0.466541616,0.70748007,0.589496598,0.851303955,0.446353111,0.698737075,0.405877973,0.498699311,0.465067858,0.531603029,0.662157732,0.811632386
"Feature43",0.566314772,0.761386314,0.789063977,0.410629964,0.732206331,0.524309827,0.755961824,0.547057765,0.823277343,0.451347802,0.457736484,0.700334402,0.582255036,0.862960595,0.448555222,0.701173085,0.413463847,0.493885704,0.457844031,0.538046295,0.650800998,0.814785757
"Feature44",0.695829814,0.798817053,0.833990678,0.514802179,0.777467208,0.616314169,0.689326943,0.646313496,0.852815388,0.54802912,0.551480334,0.813158672,0.66832372,0.886898365,0.56347243,0.725401992,0.513342351,0.575404335,0.568583731,0.658595258,0.596927603,0.595518381
"Feature45",0.963222644,0.695233588,0.69508133,0.712365231,0.67990127,0.747985026,0.713882575,0.745434969,0.729542751,0.798336998,0.734695292,0.727344318,0.765214783,0.738095734,0.887486057,0.709151879,0.691982989,0.724258881,0.723226482,0.779456518,0.934843691,0.757832155
"Feature46",0.592395917,0.826660192,0.460623681,0.469123229,0.253865627,0.62210564,0.450474078,0.548479079,0.706478209,0.197250358,0.835676597,0.754168413,0.340372604,0.561815645,0.690269746,0.625271138,0.534521074,0.199266629,0.62096157,0.568475734,0.185602105,0.446336683
"Feature47",0.726248433,0.767453067,0.20903388,0.218871565,0.228198341,0.671338968,0.736988789,0.46989253,0.971262912,0.844672475,0.745628275,0.319242985,0.615430628,0.68681353,0.372715507,0.614182964,0.114080556,0.161502496,0.706084854,0.38803275,0.834993027,0.790323818
"Feature48",0.770162153,0.42641232,0.676619924,0.336570125,0.565778472,0.903182558,0.964903239,0.75307939,0.947031312,0.706685954,0.673349055,0.31196336,0.386280981,0.666747355,0.865082454,0.719718011,0.18645743,0.752660841,0.812995079,0.932629766,0.260414175,0.250922134
"Feature49",0.576063216,0.335884477,0.55717413,0.422584138,0.733226405,0.479753762,0.743361231,0.850023788,0.943260795,0.869007885,0.384936696,0.610817289,0.60748298,0.373954599,0.724259578,0.947137707,0.369320719,0.442052945,0.404793163,0.477052501,0.777301472,0.708932098
"Feature50",0.670115767,0.683278802,0.644132551,0.684408149,0.932989036,0.748122142,0.703882322,0.756803456,0.699004788,0.688473188,0.691842717,0.90517206,0.758488361,0.885809553,0.684710795,0.669932228,0.683088916,0.699009112,0.716476315,0.772979425,0.728019013,0.805829052
"Feature51",0.720140241,0.554515216,0.296905502,0.939790995,0.358025016,0.656839166,0.907604698,0.378991142,0.756193936,0.821830561,0.583056479,0.372455628,0.447658476,0.808830347,0.549533442,0.431490491,0.312071596,0.375313829,0.424150953,0.68267597,0.9686469,0.423656461
"Feature52",0.740842263,0.660661398,0.451192537,0.437051331,0.894854114,0.257553975,0.673665657,0.295037468,0.989090762,0.386759754,0.518129167,0.717161676,0.629525211,0.542930542,0.218724514,0.82498675,0.324472647,0.866296616,0.236193057,0.316139865,0.663175085,0.790273092
"Feature53",0.56219533,0.653562751,0.181793791,0.212448794,0.906496557,0.279666077,0.52519575,0.285072433,0.967028916,0.581011993,0.239374874,0.604143887,0.3873173,0.5305638,0.685398538,0.768077518,0.336019577,0.541834197,0.916305924,0.28670245,0.609553312,0.666573121
"Feature54",0.554449117,0.65793936,0.293620739,0.207772452,0.886533164,0.280802699,0.526254268,0.27587245,0.961481277,0.570543718,0.239773429,0.608693949,0.381319402,0.64145602,0.69721336,0.752356961,0.33070072,0.53849275,0.93311318,0.283151625,0.605842685,0.675726843
"Feature55",0.569134436,0.723144295,0.406858718,0.229101249,0.879013173,0.311926677,0.521706637,0.458244,0.946629673,0.244555115,0.251987222,0.651283738,0.384272666,0.443745477,0.621899466,0.718859411,0.348302849,0.611878825,0.921252411,0.302704565,0.781750854,0.599481473
"Feature56",0.553610107,0.556072693,0.528679499,0.764074701,0.497599201,0.690756216,0.612703537,0.847277412,0.655389047,0.641481584,0.64366377,0.659766352,0.761225512,0.582615227,0.88981861,0.586171955,0.587837095,0.640754424,0.624431228,0.707024512,0.639225005,0.824233337
"Feature57",0.64412297,0.640007686,0.801178222,0.650309992,0.608673597,0.751689929,0.707684977,0.732726768,0.727219794,0.713123887,0.701852398,0.701686254,0.806533601,0.644775597,0.935767558,0.67105178,0.668453789,0.725172816,0.695650171,0.761607586,0.708118661,0.941188696
"Feature58",0.88635696,0.872393676,0.91259484,0.877241929,0.892953958,0.919135803,0.91653479,0.931574876,0.924305815,0.905262559,0.91180928,0.9210506,0.940004744,0.904296066,0.909940016,0.887600903,0.898053485,0.910630136,0.912845801,0.906067601,0.923416664,0.925469442
"Feature59",0.828528675,0.967318928,0.822539535,0.906215055,0.81764639,0.893036001,0.884938238,0.881716773,0.872956012,0.89420067,0.8797513,0.871476536,0.905979025,0.850833928,0.855335686,0.848653878,0.852821366,0.871085936,0.879479366,0.892486865,0.877236572,0.886842839
"Feature60",NA,NA,NA,NA,NA,NA,NA,NA,NA,NA,NA,NA,NA,NA,NA,NA,NA,NA,NA,NA,NA,NA
"Feature61",0.280824398,0.935249256,0.734920001,0.701411442,0.886054457,0.450708483,0.567333814,0.464423819,0.929221237,0.389162749,0.75951672,0.380531052,0.589695209,0.577091386,0.587157201,0.310834617,0.542403856,0.43144219,0.367532025,0.912221848,0.796999742,0.615815704
"Feature62",0.246838108,0.927788927,0.73486148,0.673026788,0.890187163,0.434022221,0.544609484,0.43896989,0.930541698,0.357533128,0.742951987,0.596859096,0.564702848,0.563412592,0.318207478,0.278439321,0.527491802,0.40469869,0.342653903,0.911802784,0.79681938,0.594702709
"Feature63",0.864083397,0.896658809,0.861500379,0.859394463,0.840979136,0.909016391,0.882488715,0.914812814,0.918695982,0.87901303,0.923013938,0.916748414,0.900200539,0.893119285,0.869033535,0.887142051,0.870404552,0.888448653,0.900972345,0.939916543,0.915645202,0.973813316
"Feature64",NA,NA,NA,NA,NA,NA,NA,NA,NA,NA,NA,NA,NA,NA,NA,NA,NA,NA,NA,NA,NA,NA
"Feature65",0.175187763,0.557461754,0.920969357,0.648458081,0.827867487,0.582862821,0.907403108,0.349765682,0.484801376,0.562972954,0.971197523,0.783554894,0.360172385,0.653569917,0.68069136,0.833449423,0.362782549,0.776643598,0.285410506,0.354140639,0.64172959,0.509316743
"Feature66",0.326551439,0.464202509,0.326133062,0.708769235,0.903503841,0.64076133,0.392956688,0.420354961,0.97480698,0.7431497,0.711163726,0.842542328,0.535460914,0.68377684,0.663089762,0.488809667,0.363753125,0.938733838,0.684785394,0.442813429,0.691137362,0.542118817
"Feature67",0.140584172,0.456999437,0.87155479,0.200370593,0.548495077,0.726433784,0.47598101,0.313125626,0.975730634,0.261401695,0.511997459,0.634693484,0.479704045,0.532734356,0.291711622,0.612405984,0.562911174,0.711680254,0.550069524,0.437895994,0.850241949,0.706150836
"Feature68",0.615870216,0.564910803,0.44757668,0.396439641,0.530479872,0.234097657,0.351335488,0.480885117,0.856875324,0.100193864,0.184572043,0.475927698,0.168760814,0.669298755,0.580975763,0.538551171,0.706911168,0.222176296,0.164668488,0.255929746,0.413940986,0.323157929
"Feature69",0.790047723,0.653165744,0.820764207,0.596311509,0.965778664,0.135360643,0.301894085,0.741482922,0.390698531,0.562025683,0.088012967,0.137430908,0.193409725,0.515414817,0.330868479,0.222699086,0.777692441,0.817515063,0.372194549,0.18605694,0.550190613,0.739911961
"Feature70",0.440603991,0.491020098,0.585959901,0.457179333,0.943030339,0.222220659,0.462550219,0.859475079,0.540130747,0.176499571,0.283397253,0.183745182,0.317587485,0.785338095,0.664125434,0.566682166,0.647167963,0.704906547,0.628583525,0.818167159,0.469920618,0.603266416
"Feature71",0.443435346,0.49036529,0.578497719,0.450847792,0.94031446,0.221666033,0.46506381,0.819174167,0.548491636,0.17599245,0.28119701,0.184182902,0.316198559,0.78424463,0.665300478,0.573251578,0.648258729,0.703837477,0.634355554,0.83653875,0.465400373,0.61420424
"Feature72",0.313654587,0.245519149,0.518866051,0.048929276,0.818586007,0.098325021,0.424693442,0.840166756,0.93888305,0.525365023,0.349078514,0.63330644,0.482541778,0.723262861,0.533011474,0.607612839,0.268403303,0.245169824,0.348230586,0.404753588,0.198604842,0.628555162
"Feature73",NA,NA,NA,NA,NA,NA,NA,NA,NA,NA,NA,NA,NA,NA,NA,NA,NA,NA,NA,NA,NA,NA
"Feature74",NA,NA,NA,NA,NA,NA,NA,NA,NA,NA,NA,NA,NA,NA,NA,NA,NA,NA,NA,NA,NA,NA
"Feature75",0.275316137,0.556861702,0.63453091,0.693243005,0.853541644,0.404218691,0.491277187,0.372883581,0.947857362,0.350700787,0.867060463,0.543012582,0.711548556,0.524652494,0.876731287,0.300239391,0.274582282,0.35526179,0.56837629,0.94189116,0.562028831,0.761956174
"Feature76",0.403274699,0.304450063,0.640764851,0.509046912,0.920040554,0.057715347,0.284530606,0.893501739,0.936630407,0.570388185,0.093827453,0.746455589,0.834035572,0.173170184,0.393786291,0.637210977,0.449735714,0.746769995,0.169292962,0.760233936,0.782146966,0.618972931
"Feature77",0.255790541,0.457199985,0.770972529,0.498687698,0.814313442,0.343368279,0.448049015,0.784967445,0.851628939,0.418384618,0.418458223,0.327966568,0.411425534,0.452704002,0.654057984,0.660719148,0.700034198,0.302467882,0.274194667,0.362723551,0.72409235,0.889809541
"Feature78",NA,NA,NA,NA,NA,NA,NA,NA,NA,NA,NA,NA,NA,NA,NA,NA,NA,NA,NA,NA,NA,NA
"Feature79",0.693000121,0.7825673,0.886837705,0.713743305,0.618993373,0.807998856,0.717641556,0.802498132,0.89779392,0.75997867,0.733235415,0.777875647,0.831895292,0.794487077,0.724318199,0.715446316,0.714216608,0.947653047,0.746144294,0.822773114,0.750846458,0.769489223
"Feature80",0.536818559,0.708920547,0.922952811,0.684227402,0.880817719,0.493318933,0.449594694,0.731218809,0.675473713,0.61765169,0.72091819,0.868272618,0.473209095,0.723477921,0.419724807,0.631072569,0.61241932,0.425491366,0.419201866,0.506188223,0.44066184,0.808098785
"Feature81",0.549756005,0.715788426,0.920667153,0.683306485,0.896008117,0.514475157,0.324108409,0.740664819,0.62241512,0.629351902,0.733259806,0.869166426,0.478948486,0.736646317,0.445410218,0.64400331,0.622785853,0.437191276,0.436394959,0.523313725,0.441030279,0.806294771
"Feature82",0.598349093,0.455513531,0.554257111,0.683079278,0.767732455,0.526344631,0.404275003,0.857785776,0.814558964,0.444298094,0.429723734,0.869168027,0.623162548,0.93496069,0.824874239,0.904783246,0.742492655,0.512893495,0.952415103,0.534498592,0.455868466,0.451050992
"Feature83",0.529560055,0.221621083,0.064895169,0.252207491,0.628509692,0.129209854,0.199566033,0.137476098,0.972851214,0.851643186,0.832642189,0.522511282,0.405049967,0.774212122,0.612009619,0.780944799,0.46576254,0.642588526,0.651245643,0.459581735,0.675266384,0.766483941
"Feature84",0.459832147,0.873488565,0.677241545,0.476717942,0.725189054,0.619755249,0.50621715,0.963653316,0.708271815,0.806161617,0.506936741,0.561165993,0.669740824,0.531690636,0.533128685,0.729307198,0.502459312,0.534897828,0.789926678,0.608519136,0.561562006,0.855401152
"Feature85",0.925423538,0.936968436,0.932740958,0.941462538,0.966993293,0.957216266,0.944890065,0.944991766,0.928324286,0.934173764,0.946560822,0.958462364,0.940972128,0.94888931,0.950543389,0.921787416,0.926226204,0.953719379,0.9673787,0.958071537,0.947312028,0.968730322
"Feature86",0.602125438,0.147881955,0.51966345,0.564778932,0.332609467,0.24659259,0.752045445,0.890590107,0.965391456,0.689855765,0.461967255,0.48728348,0.369267374,0.570708919,0.352295934,0.434064217,0.274853573,0.396104404,0.538073552,0.687689543,0.239970327,0.230707897
"Feature87",0.652482164,0.537226487,0.39285007,0.337444379,0.545213236,0.282287716,0.695452105,0.811383787,0.902649809,0.756070512,0.354435643,0.840628106,0.350954324,0.482006563,0.84619701,0.171117198,0.145247757,0.894492066,0.735307762,0.814410921,0.451084544,0.393635379
"Feature88",NA,NA,NA,NA,NA,NA,NA,NA,NA,NA,NA,NA,NA,NA,NA,NA,NA,NA,NA,NA,NA,NA
"Feature89",0.48219866,0.867927388,0.735976691,0.125950063,0.88827103,0.161531584,0.38025432,0.708382153,0.338333174,0.116652668,0.221734324,0.677605997,0.227931033,0.41077388,0.209714911,0.324060765,0.640382818,0.496817953,0.244263096,0.318145976,0.469714839,0.686405653
"Feature90",0.523779307,0.439319072,0.397605995,0.332691779,0.806168071,0.539046962,0.847021786,0.326156952,0.864318962,0.744628699,0.603288229,0.910971188,0.719102377,0.827674905,0.411271866,0.297924576,0.253939048,0.70923022,0.859658122,0.79310711,0.08955373,0.354927391
"Feature91",0.178856661,0.876634933,0.918925812,0.191485934,0.630323555,0.533042911,0.430369481,0.884924774,0.42285684,0.409657069,0.246397666,0.703322183,0.744789011,0.223210286,0.526058496,0.495057649,0.514526294,0.223260343,0.409216408,0.317503684,0.647341225,0.715953827
"Feature92",0.276505176,0.874155991,0.907312086,0.598708997,0.865682596,0.058044822,0.088788374,0.944889887,0.684366298,0.33093475,0.149580618,0.938056284,0.308338953,0.167462207,0.205573682,0.514017746,0.661829414,0.146637756,0.348325722,0.533028074,0.648668693,0.878112702
"Feature93",0.62762599,0.703914606,0.981500333,0.693872821,0.772498837,0.898072387,0.650635966,0.777497779,0.969587627,0.897575832,0.882241675,0.780988322,0.787554098,0.727235153,0.688713871,0.705291366,0.621641084,0.73585307,0.732508713,0.791308464,0.70654417,0.764938873
"Feature94",0.863701975,0.558915576,0.774584384,0.507731301,0.301141789,0.671740553,0.442816903,0.635602725,0.874038882,0.606447177,0.950162194,0.925169464,0.703782412,0.58215924,0.512836281,0.929677173,0.46973959,0.547690497,0.975982646,0.689048561,0.741982924,0.906093265
"Feature95",0.472693388,0.481273005,0.563629487,0.159077663,0.685230911,0.259076929,0.328697073,0.603031914,0.961215965,0.302158893,0.554433467,0.274629787,0.331309349,0.542867775,0.549547447,0.703998001,0.453181996,0.619969217,0.333281695,0.271397596,0.054464202,0.716757954
"Feature96",0.531854136,0.558626745,0.53319888,0.166840932,0.719846391,0.173831284,0.314471517,0.564703849,0.976378791,0.32267794,0.538897998,0.261475866,0.342350437,0.589007373,0.593723639,0.709449586,0.396745243,0.633727642,0.36036357,0.293032633,0.057176749,0.726046749
"Feature97",NA,NA,NA,NA,NA,NA,NA,NA,NA,NA,NA,NA,NA,NA,NA,NA,NA,NA,NA,NA,NA,NA
"Feature98",0.814072067,0.851976046,0.794063602,0.827298293,0.781196369,0.841557865,0.945298162,0.866722517,0.948849912,0.822460861,0.85700463,0.904143946,0.878743596,0.852466813,0.838088735,0.839630302,0.808332045,0.847524211,0.836976066,0.866163485,0.849876091,0.932126862
"Feature99",0.255188205,0.616417594,0.535047758,0.311081836,0.805505886,0.610773621,0.640831687,0.886894835,0.544717899,0.385990595,0.524710379,0.257138373,0.316010281,0.224149529,0.611093077,0.482174735,0.579176121,0.500793328,0.324825351,0.700271495,0.736781972,0.351194698
"Feature100",0.593694296,0.495732811,0.432471796,0.475331587,0.482184881,0.584686033,0.584532762,0.529270797,0.933151406,0.757506531,0.879910962,0.512629264,0.804665786,0.52245934,0.460486857,0.846622973,0.378006317,0.476553768,0.770995016,0.586794715,0.930047658,0.827919232
"Feature101",0.82508696,0.578394348,0.688882805,0.561896891,0.567655568,0.663935177,0.659857817,0.605787325,0.499764793,0.504033083,0.745053848,0.606367299,0.679337681,0.615023528,0.738580231,0.885804538,0.401107286,0.540375734,0.878683436,0.699098136,0.620742235,0.961602516
"Feature102",0.734331442,0.773786771,0.709837049,0.559709742,0.518218219,0.679266081,0.79042931,0.652139933,0.606059741,0.605364882,0.880068295,0.96720176,0.725681902,0.5785383,0.783398033,0.566204845,0.556039454,0.815148738,0.578882373,0.654694609,0.884018514,0.970461375
"Feature103",0.42060907,0.911850306,0.713469959,0.688692306,0.796170887,0.431367755,0.720858659,0.601120385,0.32781345,0.741493161,0.76327455,0.846452993,0.914773193,0.719594822,0.82368089,0.270898988,0.812290315,0.361871595,0.314000936,0.783883231,0.358408521,0.805898706
"Feature104",0.308057381,0.941057148,0.791469703,0.657291436,0.751639947,0.49669707,0.778182911,0.669611175,0.38855115,0.738794085,0.815118476,0.904212365,0.898584532,0.697186416,0.86697308,0.330378187,0.863539807,0.432575792,0.382227108,0.703343251,0.426510669,0.818710396
"Feature105",0.658456329,0.652369523,0.715224331,0.847488274,0.923308993,0.785248145,0.735821581,0.761444159,0.913685075,0.865993484,0.75299359,0.894404864,0.798304469,0.706139049,0.742608096,0.739428001,0.730112444,0.770791603,0.747775547,0.769299028,0.740520512,0.755734681
"Feature106",0.341545867,0.47101798,0.297103887,0.288299178,0.785911784,0.09757846,0.363056372,0.260016606,0.966302535,0.399205278,0.379074193,0.940083149,0.164555356,0.671010656,0.556082213,0.357543523,0.195044254,0.317827676,0.732374965,0.251519486,0.741061516,0.453495161
"Feature107",0.551526351,0.84421243,0.46277423,0.640615075,0.921147654,0.07243412,0.589164658,0.897030798,0.175749003,0.576741775,0.812844911,0.499127044,0.240350536,0.595354915,0.667350652,0.162790098,0.270271487,0.259698908,0.200488624,0.552088738,0.506672822,0.887423055
"Feature108",NA,NA,NA,NA,NA,NA,NA,NA,NA,NA,NA,NA,NA,NA,NA,NA,NA,NA,NA,NA,NA,NA
"Feature109",0.019097523,0.520377823,0.212476785,0.256491806,0.73236469,0.170085934,0.743914603,0.819880411,0.75122706,0.957820755,0.425839363,0.892590905,0.585515853,0.599960456,0.203682946,0.60391737,0.384043383,0.338741748,0.57394532,0.762666531,0.861005645,0.439620585
"Feature110",0.566435301,0.431185622,0.656534233,0.433544896,0.88695222,0.519216896,0.590097588,0.502429261,0.975224259,0.716692157,0.421272281,0.509290686,0.607714119,0.42921144,0.805827548,0.41680544,0.553678982,0.762289337,0.924493508,0.516040035,0.464360134,0.888774438
"Feature111",0.678351061,0.420206083,0.694601225,0.582643119,0.745482725,0.037052418,0.64947522,0.911092584,0.965164567,0.203886336,0.183305196,0.567431338,0.137092921,0.644758477,0.545861331,0.839943764,0.563923831,0.060294613,0.381795812,0.589653304,0.343866108,0.188558648
"Feature112",0.294479855,0.78802776,0.513312442,0.61787716,0.66019499,0.178432444,0.397390835,0.741940352,0.930559451,0.931552113,0.883748933,0.606344968,0.257858602,0.705975997,0.715799718,0.716719417,0.107203635,0.439942862,0.733897918,0.748513279,0.443523095,0.658279303
"Feature113",NA,NA,NA,NA,NA,NA,NA,NA,NA,NA,NA,NA,NA,NA,NA,NA,NA,NA,NA,NA,NA,NA
"Feature114",0.736637689,0.30641056,0.442062151,0.074649681,0.384015402,0.628071136,0.439996693,0.328698759,0.918179601,0.458794194,0.65829188,0.768869625,0.326704602,0.876091078,0.512000393,0.482559576,0.698390697,0.624665708,0.89245252,0.843702694,0.835638086,0.677364439
"Feature115",0.845950075,0.538844946,0.300443923,0.191372108,0.275268968,0.598735872,0.316398183,0.596071277,0.971555887,0.364072975,0.800935985,0.738750184,0.353860672,0.907241587,0.544634915,0.494847825,0.155978648,0.799537545,0.901979373,0.794886819,0.73698941,0.628399679
"Feature116",0.762413614,0.749130962,0.517776866,0.482785689,0.773283032,0.649541706,0.55131061,0.626412018,0.919412263,0.598559458,0.548188218,0.791926598,0.734378052,0.723987606,0.557917336,0.550101667,0.758697303,0.801500188,0.765229111,0.636653433,0.8811866,0.584460196
"Feature117",0.32879045,0.781082645,0.596846226,0.489185523,0.430463981,0.329683123,0.283734309,0.759080821,0.637574458,0.476938271,0.257641572,0.593377369,0.466529598,0.221164458,0.539462963,0.736559229,0.642631067,0.879368493,0.283726569,0.799711837,0.308387848,0.614630861
"Feature118",0.737016601,0.839492438,0.779169872,0.623313701,0.627044026,0.938288571,0.649677607,0.656976402,0.839523954,0.654045942,0.658470049,0.653672272,0.729912307,0.626280189,0.647993814,0.965168311,0.636200055,0.6629264,0.644986652,0.668684519,0.666930373,0.761063068
"Feature119",0.468005234,0.204687118,0.769869678,0.200767904,0.614405724,0.321185207,0.62625401,0.798918434,0.694246953,0.682905701,0.684814188,0.282980813,0.862787197,0.553468716,0.562085619,0.199917864,0.214624057,0.280004105,0.408940358,0.94209961,0.610655225,0.653761437
"Feature120",0.54011926,0.949332013,0.32915325,0.365903707,0.456979384,0.330329412,0.633687794,0.337721258,0.849467605,0.902650389,0.681407105,0.775691356,0.727396216,0.731097628,0.872996335,0.748167367,0.472401648,0.688882114,0.616847385,0.519301094,0.856616787,0.414824748
"Feature121",0.436997238,0.936306845,0.283457665,0.303048346,0.4429133,0.261170737,0.714596988,0.288863788,0.873607276,0.907448817,0.682622102,0.814562113,0.656915333,0.557246341,0.807430753,0.744791512,0.398925575,0.690633266,0.704623125,0.399859532,0.763357787,0.531563305
"Feature122",NA,NA,NA,NA,NA,NA,NA,NA,NA,NA,NA,NA,NA,NA,NA,NA,NA,NA,NA,NA,NA,NA
"Feature123",NA,NA,NA,NA,NA,NA,NA,NA,NA,NA,NA,NA,NA,NA,NA,NA,NA,NA,NA,NA,NA,NA
"Feature124",0.819495397,0.74366551,0.526154891,0.174957133,0.560930937,0.217504689,0.871279598,0.566957263,0.984109958,0.825646197,0.817801175,0.62052128,0.247776909,0.797822064,0.863409305,0.779021395,0.162103184,0.292653845,0.843226173,0.210327673,0.77959471,0.489668468
"Feature125",0.824820929,0.743351802,0.533027651,0.174705341,0.56876935,0.21977754,0.855370532,0.563483798,0.966782233,0.837242316,0.837721839,0.626492669,0.250416229,0.793380471,0.8477458,0.79179235,0.163672154,0.293081784,0.836677194,0.215126222,0.779200843,0.48985643
"Feature126",0.816601391,0.74255824,0.61284157,0.182148875,0.643054742,0.247011477,0.848272486,0.628698019,0.968857977,0.859815701,0.879054324,0.635632731,0.298895642,0.855025613,0.844081242,0.782333807,0.177735241,0.351100535,0.878037944,0.237212909,0.702189127,0.566167458
"Feature127",0.645880652,0.418818493,0.556391168,0.397922907,0.714002353,0.529419901,0.555877996,0.651243718,0.968101425,0.615153925,0.352188367,0.238189891,0.367654796,0.796738088,0.525054689,0.590453627,0.312066819,0.249672452,0.205706875,0.646150504,0.845692422,0.898301908
"Feature128",0.734030865,0.914086373,0.556298076,0.555853459,0.674212605,0.720580394,0.550269789,0.895817283,0.621017353,0.960823158,0.642057755,0.659271324,0.73711616,0.732418244,0.790549291,0.569141961,0.577622495,0.906480893,0.803051382,0.686306572,0.883492569,0.834503811
"Feature129",0.142014762,0.008511099,0.806248629,0.237299011,0.368262047,0.32898576,0.448681494,0.172507457,0.382910421,0.605350078,0.64572833,0.962657156,0.567613831,0.744794403,0.421390584,0.614543421,0.406766803,0.196910869,0.174629045,0.635747729,0.363976353,0.634711129
"Feature130",0.645027056,0.688260103,0.648416737,0.782373023,0.830222058,0.726292721,0.670821738,0.75662445,0.717109184,0.725580923,0.685578063,0.742539762,0.771453525,0.726516484,0.689144129,0.791375164,0.758597861,0.709969438,0.730563042,0.764947936,0.731377458,0.856671268
"Feature131",0.637219776,0.689897381,0.650856922,0.784928666,0.838274731,0.744288371,0.665267713,0.742569077,0.715861665,0.726534936,0.674450914,0.745807989,0.769307687,0.719542468,0.706303507,0.79603822,0.780606507,0.733739421,0.741984993,0.745317136,0.706439955,0.861001176
"Feature132",0.572990229,0.674196914,0.743972607,0.757490895,0.657743681,0.668832641,0.760033342,0.863409826,0.653612055,0.632048469,0.583677148,0.686188958,0.745643794,0.680676012,0.616760566,0.584055497,0.560586421,0.623585924,0.931373919,0.870834562,0.642974228,0.649218428
"Feature133",0.241294547,0.408228852,0.694901291,0.712666603,0.79097594,0.314380515,0.621437277,0.95948,0.339783821,0.308885748,0.64336821,0.815295729,0.545180785,0.353093444,0.295518906,0.251150072,0.472161988,0.32682549,0.766452856,0.702267576,0.352984133,0.933519038
"Feature134",0.283873201,0.820437649,0.367237472,0.047558213,0.456471781,0.053139902,0.160378998,0.929581427,0.773045089,0.476102105,0.270439199,0.959193087,0.367059544,0.645067846,0.075534382,0.38901319,0.902579387,0.263933117,0.28644533,0.726644035,0.594795682,0.233109609
"Feature135",NA,NA,NA,NA,NA,NA,NA,NA,NA,NA,NA,NA,NA,NA,NA,NA,NA,NA,NA,NA,NA,NA
"Feature136",0.24461106,0.928272321,0.552041108,0.159619646,0.810857533,0.15643714,0.307567615,0.721092712,0.963623229,0.703073713,0.663643422,0.884849317,0.245026548,0.710497231,0.641511491,0.732771598,0.52670603,0.712165966,0.803486461,0.496047447,0.753228055,0.576748715
"Feature137",0.285960254,0.936047549,0.623664736,0.187972246,0.806370818,0.17832952,0.251413508,0.772182139,0.965304686,0.74871428,0.762917905,0.877881573,0.268655551,0.763217889,0.706807523,0.687440304,0.322754385,0.745160917,0.853794727,0.571682906,0.709595136,0.652860633
"Feature138",0.705939401,0.221953057,0.274380141,0.806194469,0.15318553,0.284463703,0.537085106,0.442098041,0.959482403,0.739990721,0.864957348,0.544438202,0.930536455,0.403835101,0.920817712,0.625770075,0.136238049,0.643931742,0.78957479,0.756907756,0.481252419,0.560101164
"Feature139",0.869906677,0.136838891,0.176985195,0.589453316,0.425418547,0.147743634,0.543950658,0.641365789,0.852784804,0.38689642,0.327328453,0.556218376,0.467363252,0.854587398,0.935210973,0.921885315,0.900718675,0.596893139,0.877422927,0.847898835,0.238988235,0.711106493
"Feature140",NA,NA,NA,NA,NA,NA,NA,NA,NA,NA,NA,NA,NA,NA,NA,NA,NA,NA,NA,NA,NA,NA
"Feature141",0.687870205,0.782182593,0.484447126,0.5055589,0.902024701,0.567918085,0.856180755,0.862239324,0.659641934,0.730311156,0.50945954,0.825979901,0.639033113,0.545226675,0.735735782,0.510482921,0.484653001,0.547901948,0.519546854,0.868983008,0.690365484,0.541324231
"Feature142",0.773509453,0.656138097,0.137834768,0.502795745,0.655214366,0.644206512,0.373615293,0.809468746,0.90201728,0.364086936,0.562403423,0.365522272,0.198648379,0.526522153,0.828847911,0.571927169,0.555612919,0.499060656,0.832670771,0.200981153,0.437255065,0.840264137
"Feature143",0.612783585,0.624223784,0.605933673,0.662946855,0.930039807,0.731881171,0.659642273,0.847063279,0.701203825,0.654012208,0.677017671,0.702233038,0.743608924,0.683637486,0.678106977,0.656586265,0.620964234,0.691597993,0.713983961,0.762757889,0.885375896,0.685721387
"Feature144",0.264709926,0.475482489,0.209545785,0.205071417,0.781813962,0.298095073,0.314450113,0.450896884,0.934332241,0.679311368,0.378298154,0.443545592,0.298648664,0.140211217,0.64075291,0.268410316,0.440488684,0.17460737,0.172272145,0.468124853,0.720163942,0.344729002
"Feature145",0.789421619,0.866211936,0.825816036,0.844009438,0.862162805,0.860109776,0.802268639,0.851470657,0.975327407,0.835268173,0.825306481,0.874371014,0.892641773,0.879932857,0.832289535,0.813446531,0.78943826,0.824192121,0.842872397,0.884863758,0.885029568,0.847058207
"Feature146",0.565040635,0.421619381,0.426757005,0.478952861,0.624204425,0.464604654,0.435054184,0.472466364,0.801929959,0.657042422,0.953927086,0.593792346,0.512445425,0.798116094,0.54097327,0.76058395,0.440497621,0.862623236,0.443518084,0.941306206,0.452379325,0.554831827
"Feature147",0.645957229,0.473283085,0.503858571,0.676810116,0.663067839,0.667514289,0.568297258,0.638027295,0.886120409,0.767084322,0.751309354,0.580622277,0.730654708,0.565492511,0.742955951,0.803498855,0.549256258,0.952831266,0.582594487,0.986277574,0.616034329,0.572185599
"Feature148",0.534664073,0.887458112,0.239642974,0.192261037,0.338955666,0.151158785,0.280163556,0.099639986,0.967005257,0.269417415,0.696825143,0.154027085,0.573054517,0.134239919,0.826748037,0.876024623,0.930456187,0.250930001,0.86262311,0.518940102,0.770129196,0.2464341
"Feature149",0.568049238,0.641288294,0.396463652,0.456238749,0.561255213,0.416685808,0.213366919,0.138338955,0.962983643,0.296202645,0.930894815,0.329863249,0.839574079,0.283424596,0.297424072,0.830142684,0.310944859,0.609988051,0.739861653,0.160123463,0.697439455,0.246205173
"Feature150",0.565288225,0.425386374,0.023073648,0.445571369,0.675295129,0.248864355,0.447056072,0.428208067,0.935196402,0.273208845,0.674731053,0.847554319,0.205140202,0.7148291,0.225987344,0.750674617,0.839367312,0.804608846,0.417888,0.763408295,0.528324277,0.623775708
"Feature151",0.388784317,0.958899358,0.087910524,0.061223968,0.673925182,0.262064896,0.205186541,0.324123671,0.966451804,0.412691911,0.688558092,0.266872256,0.253455294,0.585001681,0.910040159,0.350829347,0.46265073,0.727452381,0.578494793,0.836950009,0.65877883,0.325428506
"Feature152",0.519756308,0.809579557,0.525422665,0.548471352,0.492221959,0.924775242,0.570602846,0.623565149,0.610157811,0.833658526,0.556153023,0.646194174,0.70853107,0.576564277,0.57293222,0.568873736,0.685074435,0.59627641,0.589942107,0.824893766,0.972320072,0.597103765
"Feature153",0.360170761,0.896656739,0.358467967,0.212956727,0.230565942,0.173425943,0.19242699,0.176047438,0.665181521,0.338628346,0.938063803,0.458318253,0.313294929,0.722286942,0.426581429,0.565535214,0.187222924,0.466197201,0.617195851,0.716459173,0.701559735,0.80382311
"Feature154",0.633749898,0.353714425,0.786869081,0.503189677,0.368647854,0.362928321,0.513051882,0.860348772,0.782333109,0.682199077,0.326165962,0.801343869,0.513285552,0.541180698,0.819830368,0.54783242,0.493148376,0.733157749,0.7091853,0.431666685,0.84671661,0.589870533
"Feature155",0.18158933,0.316097042,0.591984621,0.323646679,0.610344635,0.293516413,0.424666688,0.263635994,0.920425111,0.534194015,0.222616464,0.498532579,0.364830638,0.492833414,0.720084453,0.482571821,0.405192566,0.860840636,0.518079509,0.298199143,0.922838252,0.768192018
"Feature156",0.349395713,0.299010569,0.255271662,0.156511653,0.258590723,0.524511177,0.400246294,0.565764335,0.909829938,0.46666804,0.62783387,0.55615922,0.560129538,0.535855889,0.618370669,0.280069566,0.123180563,0.680908693,0.22982348,0.609702782,0.916851153,0.509355383
"Feature157",0.830489514,0.940810724,0.824768057,0.820846718,0.881689123,0.883122978,0.862046324,0.894144336,0.853770683,0.866571784,0.869686204,0.873591433,0.921089942,0.838061522,0.861772442,0.841479872,0.852813405,0.86721997,0.876574421,0.88372431,0.849737482,0.867561958
"Feature158",0.839034971,0.950742699,0.852220365,0.83514521,0.915645713,0.908039122,0.858582129,0.897382545,0.867970294,0.87036329,0.871204506,0.885769518,0.918775561,0.853304043,0.868577647,0.8538839,0.860218656,0.884051894,0.877653608,0.89230033,0.889701048,0.897067908
"Feature159",0.804511907,0.818228487,0.829285127,0.842641461,0.959481045,0.897635842,0.874879662,0.896703882,0.912125459,0.882313157,0.87377864,0.902656142,0.935011383,0.848216543,0.878801469,0.859737219,0.87191065,0.903946981,0.873341974,0.903946063,0.897968276,0.90174268
"Feature160",0.711884802,0.960801238,0.726288809,0.728145026,0.868264007,0.790464047,0.821740736,0.79600579,0.955517562,0.744712698,0.754092441,0.794517969,0.825930284,0.760547451,0.922613675,0.846537978,0.741997552,0.790879152,0.900026593,0.799644337,0.933679211,0.781392129
"Feature161",0.700430359,0.968065007,0.715674261,0.72500697,0.847441196,0.78581834,0.834705293,0.801554127,0.972739869,0.734841726,0.752818194,0.794954864,0.835122895,0.738613739,0.913754309,0.745052498,0.74091234,0.785914223,0.909376064,0.783942944,0.938691179,0.791533084
"Feature162",0.889993047,0.663507453,0.548993403,0.617263126,0.922850743,0.581996389,0.712058982,0.294993539,0.690158555,0.71325261,0.046192032,0.228315903,0.773938047,0.896789663,0.489111479,0.086217477,0.341684826,0.463491356,0.541016799,0.067081546,0.652746427,0.107277256
"Feature163",0.320304517,0.321209791,0.621015411,0.33348621,0.988678889,0.427613298,0.359570034,0.791438088,0.371926441,0.576704683,0.611246807,0.366982851,0.699566432,0.732071812,0.356075364,0.528505051,0.589973801,0.391756064,0.360143639,0.693074563,0.982584574,0.556658637
"Feature164",0.640617291,0.413326533,0.501491931,0.719015195,0.587967227,0.444496685,0.889880599,0.643761423,0.820563635,0.663039425,0.399215663,0.760818004,0.504308775,0.726241846,0.410074441,0.912652635,0.470968583,0.443343248,0.407357864,0.663244565,0.442499859,0.848100047
"Feature165",0.730038066,0.735134425,0.891765213,0.752386873,0.900621783,0.798332073,0.765921383,0.955375207,0.880806775,0.746589375,0.75015117,0.746942996,0.852758752,0.724986228,0.858989035,0.726922857,0.743889176,0.772816474,0.738633629,0.809638473,0.772495759,0.759918746
"Feature166",0.949841585,0.752791623,0.889737677,0.777431417,0.746322429,0.850755114,0.812112056,0.826831295,0.822083236,0.790655224,0.861157578,0.791399215,0.877610065,0.757862775,0.801798616,0.781391488,0.781766502,0.812839603,0.797880759,0.832056993,0.803794267,0.804395684
"Feature167",0.684267251,0.876414448,0.18615463,0.213262372,0.467769551,0.243478173,0.30608195,0.401561885,0.761575266,0.313096366,0.495512765,0.459354876,0.913970078,0.369499994,0.844598198,0.509404752,0.467421431,0.398900987,0.034809727,0.326085456,0.940970611,0.273302799
"Feature168",0.206813631,0.631964132,0.778426442,0.137739416,0.746988878,0.14072226,0.05928365,0.604001329,0.981000499,0.767261271,0.13262945,0.504545262,0.571572707,0.30326113,0.609328011,0.258310767,0.136392694,0.505290009,0.796509139,0.143714373,0.102416947,0.894814283
"Feature169",0.225318863,0.789752387,0.807703506,0.287096658,0.645713459,0.363345181,0.640069257,0.440133248,0.958493269,0.876310433,0.352538489,0.473544624,0.537979091,0.79619605,0.904400196,0.781360371,0.278055288,0.679064792,0.322885108,0.798833472,0.835795509,0.428386216
"Feature170",0.331082362,0.900223875,0.276464205,0.28678557,0.653527173,0.326681304,0.467008812,0.493787166,0.959606701,0.463927259,0.289572773,0.039202201,0.197459619,0.410805748,0.910714095,0.477445028,0.423108898,0.131475882,0.900209579,0.702380904,0.402397007,0.538793853
"Feature171",0.877896798,0.798599518,0.976946867,0.724254416,0.769983664,0.774630405,0.727252794,0.777690125,0.968902593,0.728493714,0.729740494,0.886455307,0.955665089,0.696213769,0.70699567,0.705033601,0.801467149,0.739643438,0.734624282,0.752637928,0.744899116,0.720329409
"Feature172",0.894609916,0.801999626,0.65126915,0.678255995,0.7577333,0.779466006,0.716049192,0.761183701,0.868872214,0.713220916,0.698755542,0.698695709,0.82732222,0.677972943,0.695093127,0.670098251,0.709530292,0.737122004,0.689409955,0.765141294,0.750665751,0.720064022
"Feature173",0.443061434,0.94638141,0.804593692,0.481231084,0.786076915,0.519721522,0.811324694,0.907617464,0.509054087,0.467739621,0.490666675,0.573093503,0.628282543,0.519903423,0.474983918,0.467963084,0.771447635,0.53748993,0.471153883,0.576830534,0.530741618,0.772070321
"Feature174",0.715916291,0.735808658,0.875681781,0.752442777,0.94295568,0.810678467,0.758608992,0.809836666,0.935638933,0.771280483,0.790919839,0.793342013,0.830432629,0.771073951,0.763379049,0.747352667,0.738211727,0.784664846,0.809295616,0.821749811,0.815048694,0.784002737
"Feature175",0.727491897,0.748678301,0.865269174,0.746424916,0.930659311,0.809128729,0.75125324,0.802394382,0.962839125,0.761178279,0.777352056,0.79306057,0.822124951,0.788058088,0.766318866,0.743909579,0.714158085,0.772856411,0.796418173,0.815584179,0.790123238,0.79041243
"Feature176",0.979660223,0.903160071,0.631071184,0.547281017,0.333137016,0.261949664,0.077066098,0.476826764,0.384562103,0.262790987,0.875887433,0.887555396,0.125232543,0.25051575,0.249108727,0.696847847,0.54781993,0.243615164,0.244154256,0.187884964,0.31441137,0.240995904
"Feature177",0.421714529,0.907228614,0.654928392,0.352786715,0.818174682,0.565530232,0.145281938,0.252567617,0.187935455,0.656911845,0.96034229,0.88271625,0.491111077,0.230614619,0.394373914,0.491721494,0.553993849,0.15421055,0.054904776,0.274747344,0.537652659,0.796082348
"Feature178",0.656254293,0.937780754,0.553283191,0.363792525,0.777833047,0.686008551,0.26624438,0.145205885,0.167487464,0.633513978,0.971205625,0.928186883,0.334820654,0.319552418,0.475362032,0.556873255,0.534875401,0.138473175,0.095104795,0.413018159,0.548776458,0.773729166
"Feature179",0.499202597,0.337245799,0.384678983,0.299374899,0.375218826,0.116597006,0.4647018,0.219652614,0.965668835,0.765506847,0.641983103,0.83833956,0.270286179,0.807245063,0.743184502,0.485169733,0.437111153,0.600248196,0.731069487,0.563123234,0.298498239,0.533084397
"Feature180",0.154650925,0.7550949,0.296241239,0.54725867,0.765585332,0.316735458,0.26650217,0.019148807,0.86474557,0.350060085,0.563497488,0.710485901,0.69705422,0.806597597,0.569284367,0.425383247,0.362239747,0.304209973,0.84852404,0.539321568,0.781739367,0.383947002
"Feature181",NA,NA,NA,NA,NA,NA,NA,NA,NA,NA,NA,NA,NA,NA,NA,NA,NA,NA,NA,NA,NA,NA
"Feature182",0.712138758,0.657463267,0.818576032,0.191845684,0.818444604,0.082359649,0.48732973,0.604663464,0.980687078,0.24936452,0.406418998,0.623800008,0.187236125,0.770819133,0.605426964,0.277746046,0.242174392,0.40002446,0.145644633,0.701450994,0.719179407,0.647612695
"Feature183",0.701922099,0.522379073,0.701912567,0.174566502,0.564782563,0.187779291,0.642466384,0.209011692,0.974071185,0.539748695,0.630024537,0.815067585,0.328377222,0.327744476,0.694584257,0.592097533,0.270487606,0.682399767,0.574939341,0.257913752,0.763745166,0.661937929
"Feature184",0.525656987,0.259335032,0.607635883,0.141055026,0.480161252,0.183706627,0.458295232,0.650663181,0.942546135,0.472841462,0.160575341,0.50769038,0.327170741,0.67117328,0.665984204,0.758349005,0.208722018,0.844693513,0.641866899,0.21677943,0.677578327,0.640220933
"Feature185",NA,NA,NA,NA,NA,NA,NA,NA,NA,NA,NA,NA,NA,NA,NA,NA,NA,NA,NA,NA,NA,NA
"Feature186",0.671575241,0.878460154,0.707493071,0.874577215,0.876716928,0.80555212,0.726956248,0.805075275,0.927120464,0.751793129,0.730966974,0.768328628,0.845652374,0.961228981,0.742631179,0.698298244,0.987683479,0.774078927,0.751234434,0.802412142,0.762107611,0.750004326
"Feature187",0.660836734,0.881409014,0.686757171,0.875227843,0.934575799,0.807735073,0.742326884,0.809699391,0.932592906,0.743820958,0.719761882,0.7772176,0.840998354,0.962956938,0.712985031,0.700530685,0.961845826,0.769541401,0.741150733,0.785808683,0.754168149,0.750141604
"Feature188",0.730043188,0.742775628,0.762418445,0.921391838,0.961020578,0.837740557,0.804406596,0.86123839,0.942990191,0.811192774,0.796457668,0.835363531,0.886405745,0.97130783,0.789223346,0.768450811,0.963923634,0.832204847,0.799700349,0.844828183,0.805560615,0.808383929
"Feature189",NA,NA,NA,NA,NA,NA,NA,NA,NA,NA,NA,NA,NA,NA,NA,NA,NA,NA,NA,NA,NA,NA
"Feature190",0.968961784,0.863646332,0.855344301,0.874389541,0.846495656,0.919375009,0.905670775,0.92798462,0.905853554,0.906708211,0.897401329,0.903617927,0.922238772,0.890015452,0.880529477,0.968778542,0.879843977,0.895590189,0.920632659,0.909374373,0.888737178,0.97708576
"Feature191",0.983931332,0.861036852,0.836100705,0.862619393,0.839106338,0.899262099,0.870174794,0.90155321,0.870975931,0.876631157,0.878696151,0.871475782,0.926558307,0.887241212,0.879016435,0.977224513,0.869666697,0.903591123,0.898922263,0.895032204,0.875056631,0.979050511
"Feature192",0.793205557,0.828781721,0.82664469,0.827176822,0.958393012,0.872443336,0.84542414,0.875648261,0.846498721,0.853869976,0.858286948,0.877716382,0.923984055,0.865343374,0.871093469,0.839191788,0.828481948,0.867511839,0.96442519,0.883125222,0.863735707,0.871715108
"Feature193",0.310231624,0.52262405,0.252911637,0.071449618,0.429493167,0.287246816,0.390178912,0.634514932,0.637408192,0.681445884,0.374646741,0.97199338,0.640469127,0.191299534,0.761891551,0.691715349,0.175664202,0.582261581,0.58060065,0.311979696,0.762354157,0.482791926
"Feature194",0.821200395,0.887973717,0.937090215,0.73446477,0.103933468,0.200018324,0.648433338,0.484692872,0.498173215,0.666894518,0.893416863,0.903433245,0.514677242,0.058851051,0.751254853,0.146822685,0.660455149,0.564055882,0.690950811,0.75371238,0.9098415,0.839097137
"Feature195",0.321646306,0.68209497,0.679102391,0.369934246,0.546159538,0.217354559,0.052740278,0.88141224,0.959162889,0.546295118,0.611232814,0.798396271,0.276447694,0.646952987,0.3989938,0.579903601,0.281386898,0.090782784,0.315092747,0.492628687,0.08211654,0.738444635
"Feature196",0.442030306,0.560608705,0.28653939,0.414786684,0.134951634,0.565322756,0.457657966,0.304000455,0.813678855,0.623723444,0.845807563,0.827336964,0.395295371,0.467104787,0.783719591,0.933341433,0.380956543,0.24953749,0.793871866,0.603726167,0.80050783,0.795440405
"Feature197",0.773852665,0.604920501,0.482736018,0.406934109,0.719825695,0.38785159,0.391105524,0.825309255,0.246441833,0.553421907,0.41591593,0.793969523,0.367524607,0.0296359,0.646714355,0.12037268,0.76677354,0.356804088,0.808537565,0.373835872,0.402463744,0.639566643
"Feature198",0.124288295,0.90938364,0.650110788,0.456307193,0.728411596,0.272005869,0.316188493,0.287640096,0.934453769,0.37120658,0.777510614,0.456302163,0.694004502,0.82844811,0.494149204,0.899666659,0.420016511,0.239992698,0.210891061,0.297693926,0.447275494,0.777644244
"Feature199",0.768808516,0.109999193,0.165627736,0.143707307,0.552244231,0.062819405,0.316666373,0.68241982,0.577069488,0.553496323,0.189631005,0.231069315,0.499612475,0.108495816,0.775472224,0.328255077,0.228637857,0.525024918,0.265329681,0.23003745,0.676525982,0.740412784
"Feature200",0.698900559,0.553772191,0.583635243,0.584221626,0.602640455,0.659578215,0.64623165,0.675678974,0.962203261,0.674395721,0.644698959,0.675831205,0.73739848,0.651367313,0.867089293,0.623199206,0.736911692,0.661677831,0.893455488,0.728486803,0.885289875,0.715939973
"Feature201",0.983812195,0.170733936,0.418499295,0.472495898,0.316613015,0.576081874,0.537240525,0.213032275,0.109789191,0.446728773,0.262043119,0.906042823,0.846569196,0.577934027,0.766649904,0.844350835,0.306348129,0.241450633,0.220496155,0.312791401,0.83486974,0.519741463
"Feature202",NA,NA,NA,NA,NA,NA,NA,NA,NA,NA,NA,NA,NA,NA,NA,NA,NA,NA,NA,NA,NA,NA
"Feature203",NA,NA,NA,NA,NA,NA,NA,NA,NA,NA,NA,NA,NA,NA,NA,NA,NA,NA,NA,NA,NA,NA
"Feature204",NA,NA,NA,NA,NA,NA,NA,NA,NA,NA,NA,NA,NA,NA,NA,NA,NA,NA,NA,NA,NA,NA
"Feature205",NA,NA,NA,NA,NA,NA,NA,NA,NA,NA,NA,NA,NA,NA,NA,NA,NA,NA,NA,NA,NA,NA
"Feature206",NA,NA,NA,NA,NA,NA,NA,NA,NA,NA,NA,NA,NA,NA,NA,NA,NA,NA,NA,NA,NA,NA
"Feature207",0.790258902,0.694362422,0.799064134,0.72919552,0.726215653,0.780265763,0.749080079,0.769855172,0.754426289,0.743168267,0.887946799,0.918096973,0.979931359,0.716227917,0.735259287,0.718546237,0.733378302,0.75352751,0.747450282,0.774264667,0.840132729,0.754110527
"Feature208",0.353241636,0.794113011,0.569593763,0.21912431,0.670666278,0.39374748,0.30677254,0.53400482,0.924180685,0.3106282,0.920214375,0.320809964,0.800731796,0.616930595,0.287130349,0.508226673,0.261470075,0.328681487,0.691147524,0.377159521,0.325488655,0.484492935
"Feature209",0.300448246,0.809953722,0.507044371,0.185097693,0.706882038,0.358282156,0.271009141,0.476530388,0.925395631,0.425671484,0.911523971,0.276429583,0.732343412,0.673605309,0.251006682,0.538214748,0.229199159,0.28596558,0.681293652,0.327409123,0.282445289,0.4280974
"Feature210",0.499957048,0.708073258,0.505264069,0.279413989,0.454285446,0.360164801,0.498436971,0.764498264,0.984094206,0.760926294,0.840232754,0.374497528,0.473120516,0.282425412,0.460713955,0.71725047,0.462429016,0.364109245,0.670463722,0.407919102,0.496672735,0.821279239
"Feature211",0.944130043,0.937642017,0.940574173,0.94637911,0.953307403,0.957361553,0.960067308,0.945974773,0.956775485,0.941943432,0.95377353,0.948407252,0.949591476,0.942781245,0.935484202,0.938383522,0.939223323,0.928781306,0.969909113,0.96450939,0.951492749,0.959663612
"Feature212",0.874065026,0.884950809,0.889307581,0.892891776,0.858135537,0.90833959,0.905919188,0.906821852,0.892711521,0.890255258,0.882863383,0.912356637,0.930172075,0.908124413,0.901995129,0.889254836,0.953258154,0.898720816,0.889816162,0.928381665,0.918422826,0.909347526
"Feature213",0.738520693,0.77207021,0.755923237,0.767221368,0.759475337,0.774597665,0.784433746,0.897889109,0.795839136,0.787419715,0.767985387,0.846585297,0.832806662,0.799901342,0.767007268,0.779242819,0.746001956,0.915193061,0.792348862,0.813998434,0.786016582,0.796247032
"Feature214",0.826927798,0.191258426,0.768359015,0.923583466,0.92562574,0.921521861,0.733905743,0.847849446,0.916508952,0.351521224,0.519255755,0.239607487,0.216134258,0.204444763,0.849504465,0.721024067,0.373851157,0.335331801,0.438240633,0.226368682,0.787761394,0.498341753
"Feature215",0.204457978,0.57452306,0.837259835,0.47487237,0.842318583,0.236451759,0.154324354,0.338029818,0.95523428,0.521480557,0.400583016,0.964367609,0.64596326,0.577680401,0.69132761,0.317098934,0.37387203,0.15581935,0.573435583,0.386390111,0.738382319,0.651912926
"Feature216",0.255955462,0.621013551,0.810115409,0.435372813,0.822105973,0.218997445,0.134064018,0.31829399,0.947820095,0.626491889,0.367327076,0.965918031,0.626358339,0.585821506,0.661690865,0.445143154,0.338410563,0.14312416,0.542191515,0.350011378,0.74860082,0.604186778
"Feature217",0.558406835,0.509990411,0.557791545,0.548870053,0.740518736,0.159219252,0.421059263,0.37378354,0.839328285,0.693027311,0.735624842,0.174208053,0.242057684,0.221739498,0.315326251,0.689878016,0.331404315,0.578548232,0.122565666,0.538250742,0.493280354,0.799100802
"Feature218",0.71612148,0.648383832,0.759934971,0.701239544,0.848991666,0.329805527,0.422232511,0.553119189,0.855411806,0.819255743,0.28601301,0.385313338,0.399235516,0.493281332,0.279815012,0.496453208,0.590367509,0.833012118,0.269826357,0.422117967,0.504447693,0.890056149
"Feature219",0.222822542,0.789439605,0.336017128,0.727298534,0.689551099,0.238913509,0.681629593,0.460012701,0.811052434,0.581087814,0.334906345,0.565182853,0.017311562,0.615636326,0.867072971,0.433527963,0.286202772,0.271900472,0.138517072,0.377171167,0.516819159,0.293165015
"Feature220",0.952025099,0.955785602,0.942535194,0.940844659,0.937783404,0.938665828,0.951539711,0.931857819,0.943072656,0.925666904,0.952499165,0.949526872,0.946841739,0.935138812,0.951959377,0.9481876,0.928476182,0.94855506,0.956666543,0.949145734,0.932310558,0.950374021
"Feature221",0.497168333,0.514020695,0.850160647,0.528123805,0.638019438,0.632836006,0.534402584,0.871244978,0.567170621,0.574324624,0.53757643,0.580664636,0.699854668,0.715618796,0.562494908,0.714977382,0.806663651,0.607185728,0.556610789,0.81247432,0.597259754,0.8382387
"Feature222",0.403090429,0.691936166,0.764517958,0.29590542,0.665837417,0.384255546,0.45794685,0.903600204,0.324504292,0.514503013,0.486758018,0.537104217,0.449015006,0.297026129,0.317679367,0.647682994,0.543683344,0.53624996,0.31129721,0.383947225,0.746480004,0.606979811
"Feature223",0.577274804,0.722507157,0.650942832,0.606221754,0.829672009,0.727968327,0.648518288,0.675360582,0.662966094,0.84366045,0.661882501,0.662386987,0.80321221,0.652619606,0.797001316,0.614809761,0.635372421,0.890358424,0.638798102,0.694156167,0.685245404,0.949022395
"Feature224",0.878047442,0.589143239,0.396061559,0.328731772,0.334173869,0.161562218,0.213870438,0.721900294,0.973112616,0.258235178,0.809888501,0.742258513,0.584947027,0.57373793,0.093119231,0.966176977,0.66886253,0.30255558,0.590278281,0.165190515,0.775370776,0.403830982
"Feature225",0.674804449,0.487071684,0.347407269,0.058400797,0.362849872,0.063631433,0.87724961,0.788769923,0.93314346,0.400217949,0.741503256,0.539001788,0.462699123,0.551940892,0.595198568,0.713919044,0.219476619,0.281314241,0.684121659,0.261691473,0.967484494,0.525034281
"Feature226",0.119746879,0.694946187,0.601977913,0.390328281,0.721123292,0.431084222,0.450358785,0.900592596,0.909002586,0.040968662,0.349037982,0.252643723,0.114548501,0.126753701,0.577163789,0.316102665,0.517057947,0.506375548,0.396359967,0.340833845,0.443978096,0.686895386
"Feature227",0.309728685,0.735151762,0.545311921,0.616884252,0.653838538,0.422726548,0.443538139,0.833733624,0.95630044,0.308058712,0.233363607,0.171688505,0.132947222,0.162096496,0.526557806,0.245930633,0.558261166,0.321281676,0.348194775,0.451236399,0.452255538,0.424139444
"Feature228",0.179102848,0.228966335,0.894095779,0.233701901,0.947500355,0.858823882,0.257014622,0.343122432,0.333721222,0.258247044,0.910552631,0.316380258,0.645672146,0.644363709,0.523749322,0.527199709,0.521868913,0.329075056,0.828132782,0.368093708,0.594961596,0.518922414
"Feature229",0.58869543,0.954982127,0.80844265,0.631935429,0.76510411,0.706184346,0.641305018,0.738956544,0.930666428,0.661729063,0.836989514,0.730821189,0.779157033,0.971748899,0.643537894,0.648663198,0.625535007,0.695605472,0.700258109,0.756995331,0.689938354,0.681541622
"Feature230",0.51604149,0.933831884,0.75816017,0.572520893,0.824296504,0.652872829,0.588935369,0.699179752,0.931899737,0.595743571,0.818339845,0.658852054,0.750691186,0.968517155,0.575500177,0.584623988,0.557209812,0.638889865,0.643151145,0.696089262,0.643907101,0.611684778
"Feature231",0.526167698,0.930481581,0.751163723,0.571341138,0.808191814,0.643305385,0.582985367,0.681238864,0.953255293,0.588325987,0.778351464,0.656793575,0.737799029,0.939279973,0.561419903,0.562425006,0.54700199,0.63806948,0.629636013,0.663581587,0.839669981,0.603682816
"Feature232",0.627115998,0.856354181,0.646933513,0.651622798,0.789099438,0.694365791,0.672303944,0.726790873,0.972864645,0.659357225,0.651587305,0.695462566,0.75970405,0.971831229,0.662423479,0.652746183,0.647535447,0.691519646,0.678425886,0.724459593,0.812281129,0.683039198
"Feature233",0.108252458,0.506136879,0.762945637,0.366032152,0.944593257,0.321700481,0.50178374,0.540609384,0.425774193,0.778624751,0.89214513,0.575628024,0.309166448,0.623339926,0.951522551,0.41639852,0.758717153,0.820375926,0.179483646,0.503003687,0.682294389,0.443790494
"Feature234",0.803798232,0.491634099,0.778117931,0.88002382,0.840294357,0.678161664,0.80748065,0.585404412,0.939500143,0.724695319,0.492176786,0.767247692,0.92753313,0.534773328,0.51904382,0.468836184,0.773593303,0.563104064,0.534716324,0.620139416,0.567128469,0.716399687
"Feature235",0.776479507,0.46855585,0.727365867,0.945532425,0.319356629,0.596113106,0.757167376,0.873454033,0.481629913,0.671254437,0.461399456,0.499377126,0.942264534,0.759676923,0.481853244,0.399475399,0.389281511,0.505533793,0.497048389,0.586049488,0.5145213,0.442742232
"Feature236",0.458509252,0.760010212,0.458411158,0.481682438,0.875460439,0.336329504,0.517003187,0.418439114,0.8353537,0.067328464,0.450986171,0.387742692,0.126498359,0.608294013,0.559214227,0.15045343,0.677310609,0.160937224,0.629573804,0.574258075,0.895686381,0.762634168
"Feature237",0.287132371,0.521060235,0.730560483,0.540927633,0.886996837,0.615974815,0.16681254,0.786417076,0.696254585,0.301551072,0.394086727,0.700710111,0.743661608,0.521702281,0.357350429,0.588176289,0.508258449,0.27514864,0.332633796,0.255469447,0.495043013,0.650798296
"Feature238",NA,NA,NA,NA,NA,NA,NA,NA,NA,NA,NA,NA,NA,NA,NA,NA,NA,NA,NA,NA,NA,NA
"Feature239",0.585095619,0.654258774,0.811982594,0.665308497,0.92349126,0.728647062,0.655576309,0.739543084,0.673088883,0.701955834,0.686727905,0.737566942,0.798733168,0.68717254,0.705339364,0.657036927,0.624752696,0.690972302,0.883171748,0.777147578,0.755073628,0.746758426
"Feature240",0.300101391,0.738752131,0.637980118,0.565094139,0.238570316,0.601354434,0.067346935,0.268256995,0.943924074,0.485103169,0.609223317,0.337636902,0.007801332,0.648834706,0.584093976,0.778785543,0.434517753,0.507398545,0.45417367,0.278982973,0.911606812,0.753945014
"Feature241",NA,NA,NA,NA,NA,NA,NA,NA,NA,NA,NA,NA,NA,NA,NA,NA,NA,NA,NA,NA,NA,NA
"Feature242",0.52374294,0.561334569,0.688376877,0.550760911,0.929900707,0.661048822,0.522164968,0.628091732,0.767981797,0.84465843,0.585598478,0.788151407,0.69426186,0.615608042,0.586926567,0.72340302,0.517496104,0.614096846,0.597335914,0.66429812,0.605233282,0.594617795
"Feature243",0.846972682,0.752696786,0.897638349,0.703196926,0.600021632,0.832417654,0.687696465,0.909769238,0.75647657,0.739405818,0.744604502,0.78416871,0.845461424,0.77611151,0.914693657,0.760045764,0.841119749,0.776082304,0.871920219,0.808616208,0.713597326,0.802924978
"Feature244",0.698750597,0.831849965,0.835770954,0.833370767,0.805767349,0.651442661,0.598414881,0.653858538,0.624797917,0.611151717,0.572337777,0.623560451,0.914500298,0.553675177,0.548660296,0.760860181,0.567629836,0.625269039,0.592437558,0.635128801,0.632825655,0.62106652
"Feature245",0.578801651,0.742803751,0.718505876,0.742046237,0.698456454,0.560412907,0.493843143,0.554596323,0.510088456,0.507169868,0.462422464,0.518802667,0.920850161,0.441438686,0.45088234,0.654000622,0.647570928,0.524946905,0.484013898,0.546945113,0.703400349,0.516258612
"Feature246",0.525401892,0.696625147,0.67008108,0.685885585,0.720759813,0.488995821,0.4113459,0.699441291,0.441712227,0.429817004,0.407849722,0.461854329,0.905164837,0.384216233,0.568535331,0.410575949,0.604986715,0.46569068,0.414599974,0.499712929,0.68741124,0.455128103
"Feature247",0.581012244,0.510679291,0.827075017,0.63633556,0.747902751,0.541578047,0.597306533,0.710878367,0.488659969,0.472413297,0.485495527,0.758822748,0.624672622,0.488431819,0.470755048,0.480411168,0.604823066,0.50669165,0.473227836,0.570108045,0.523471805,0.506937919
"Feature248",0.57981639,0.511449614,0.832572766,0.706250516,0.750893289,0.53585853,0.596489671,0.707925207,0.498290842,0.472179913,0.48514369,0.773444484,0.624249406,0.474941938,0.469388659,0.476649211,0.606543358,0.509103656,0.489953177,0.57290775,0.509547028,0.498751067
"Feature249",0.382873663,0.447274452,0.826294169,0.734530431,0.74584766,0.460444861,0.541544936,0.739595399,0.440426512,0.418367327,0.417276008,0.735551141,0.738272888,0.427708421,0.403773924,0.415014361,0.395355448,0.452722778,0.583524944,0.52224152,0.464460824,0.591531145
"Feature250",0.384864749,0.443765641,0.840930994,0.728148824,0.725171166,0.463128166,0.533981166,0.749504989,0.437324992,0.417727114,0.421489403,0.745719667,0.751029667,0.433436995,0.409820279,0.415020225,0.397576675,0.454367354,0.587724827,0.518805243,0.460777955,0.596801803
"Feature251",0.38373111,0.444168204,0.837050708,0.742531445,0.722026677,0.461063938,0.547830119,0.747925095,0.442011771,0.416437881,0.420842409,0.737785017,0.761207154,0.430542483,0.407653345,0.414810505,0.392914795,0.441461938,0.582344836,0.511953385,0.455039768,0.602479127
"Feature252",0.68066732,0.729375173,0.835695988,0.853171573,0.955745555,0.776486023,0.708257782,0.954743015,0.880707949,0.731005803,0.740203631,0.764400383,0.831756935,0.715989636,0.725386786,0.734654684,0.718787986,0.732753202,0.738327278,0.781169268,0.743840228,0.76555551
"Feature253",NA,NA,NA,NA,NA,NA,NA,NA,NA,NA,NA,NA,NA,NA,NA,NA,NA,NA,NA,NA,NA,NA
"Feature254",0.66059072,0.253057659,0.305243937,0.320413476,0.678407719,0.003866558,0.108258015,0.43628866,0.982643367,0.614471665,0.39833739,0.664760478,0.495180341,0.313478793,0.738859361,0.304247988,0.294363485,0.271448934,0.146266197,0.429591546,0.44086356,0.809192865
"Feature255",0.20077962,0.420677371,0.345101156,0.238660097,0.675227844,0.527715076,0.177018179,0.526611647,0.983496125,0.337943473,0.655491891,0.815565926,0.648543196,0.829014998,0.785899761,0.177825864,0.159653366,0.667883855,0.452970644,0.766944751,0.477518301,0.845642747
"Feature256",0.374367089,0.458426806,0.794203112,0.619383029,0.861569173,0.703719104,0.357557499,0.517816477,0.947442177,0.422863945,0.41720333,0.73455289,0.564621585,0.773593497,0.725594455,0.735464644,0.391023913,0.489021285,0.61550832,0.530786946,0.460390934,0.451569296
"Feature257",0.291958347,0.691953017,0.764612528,0.108060354,0.488977884,0.153841873,0.625761646,0.259822789,0.87883712,0.529318961,0.38553459,0.963178561,0.20797091,0.688344413,0.723267835,0.918536273,0.291577085,0.340094639,0.331009329,0.498921413,0.542275191,0.531512426
"Feature258",0.119309884,0.575169971,0.176944432,0.413149623,0.827925081,0.408875017,0.594043371,0.10432342,0.926675121,0.860154363,0.452302376,0.818257169,0.174882158,0.552047571,0.360903799,0.424172256,0.05923125,0.430814387,0.749756106,0.785046672,0.620618486,0.566998681
"Feature259",0.53113819,0.715346288,0.555774084,0.565126261,0.939865776,0.67006671,0.588409335,0.871099288,0.956292835,0.593252234,0.588203076,0.635000322,0.704859194,0.593404836,0.843380322,0.579639077,0.585442576,0.968611307,0.590725191,0.646632204,0.853147728,0.841131295
"Feature260",0.527688102,0.698809243,0.557425689,0.562096676,0.93216616,0.665019103,0.594056614,0.880041828,0.984061482,0.600340323,0.598667555,0.623522277,0.715069993,0.610002365,0.835665937,0.581813194,0.579019803,0.974836663,0.588682051,0.656795435,0.859574398,0.894195096
"Feature261",0.508239682,0.798670397,0.538645145,0.549965356,0.591709303,0.606068342,0.514954954,0.614514978,0.952346112,0.646531735,0.512775634,0.598105402,0.729858829,0.772924781,0.534645102,0.778137851,0.675672374,0.93610943,0.575014742,0.657697645,0.846203769,0.578942379
"Feature262",0.10176858,0.554984289,0.637298988,0.366671114,0.880692002,0.703754979,0.401466054,0.755088689,0.916537688,0.932375218,0.191544281,0.516466173,0.074182343,0.933498537,0.928090136,0.818894327,0.288914628,0.073298217,0.795876956,0.969452881,0.819909538,0.413104273
"Feature263",0.690309265,0.697718735,0.956990387,0.710916838,0.902863099,0.722095482,0.686942729,0.827541523,0.712564403,0.701997798,0.673927834,0.732804406,0.774324135,0.714518947,0.70840081,0.688839935,0.67902924,0.7287023,0.787852348,0.736846325,0.708262563,0.862092451
"Feature264",0.673163928,0.699134372,0.963787124,0.703901267,0.911433685,0.746016629,0.687008038,0.83165105,0.707424508,0.694932046,0.691635212,0.721617548,0.761553735,0.722769347,0.703278146,0.695091776,0.690928645,0.717410326,0.775302918,0.727676121,0.710409621,0.863221227
"Feature265",NA,NA,NA,NA,NA,NA,NA,NA,NA,NA,NA,NA,NA,NA,NA,NA,NA,NA,NA,NA,NA,NA
"Feature266",NA,NA,NA,NA,NA,NA,NA,NA,NA,NA,NA,NA,NA,NA,NA,NA,NA,NA,NA,NA,NA,NA
"Feature267",NA,NA,NA,NA,NA,NA,NA,NA,NA,NA,NA,NA,NA,NA,NA,NA,NA,NA,NA,NA,NA,NA
"Feature268",0.612226141,0.759127008,0.648523012,0.655937262,0.721932549,0.705006804,0.697259176,0.860514984,0.699372097,0.669188226,0.646873279,0.911907733,0.707280228,0.702175398,0.67980178,0.684485518,0.788900297,0.658285591,0.709415037,0.713380129,0.687814334,0.882320578
"Feature269",0.609829137,0.743117013,0.654796084,0.653887155,0.730793595,0.721734198,0.689454798,0.859834833,0.712733868,0.679440868,0.659797404,0.915602252,0.705864621,0.705640002,0.688147634,0.670109019,0.792504845,0.669111576,0.715244352,0.70638973,0.68297869,0.886858837
"Feature270",NA,NA,NA,NA,NA,NA,NA,NA,NA,NA,NA,NA,NA,NA,NA,NA,NA,NA,NA,NA,NA,NA
"Feature271",0.638763726,0.661776647,0.640361723,0.672765883,0.780884739,0.742335192,0.663358012,0.727209308,0.721716572,0.86157053,0.703563328,0.924166126,0.790110255,0.716162199,0.918786533,0.648632476,0.653728675,0.763082717,0.721286586,0.75407265,0.735623036,0.73616252
"Feature272",0.401338898,0.734698699,0.636113124,0.643332583,0.900973215,0.324420634,0.290046731,0.65255304,0.435401124,0.314320004,0.67004404,0.820531006,0.563568888,0.367303959,0.527038638,0.505519011,0.269120328,0.505914668,0.289563173,0.305511144,0.306191758,0.854297156
"Feature273",0.794727814,0.448434546,0.901353926,0.560505407,0.664991409,0.230965469,0.190284402,0.457124275,0.465442159,0.412272148,0.844353014,0.966563499,0.242309482,0.81632694,0.381631776,0.795884829,0.286119241,0.205542356,0.639101509,0.577738137,0.726747229,0.541643625
"Feature274",0.116464881,0.859511826,0.162380467,0.36593474,0.588108844,0.671529345,0.075297707,0.1269792,0.975559406,0.707027983,0.483636333,0.567422919,0.293853027,0.732110859,0.203841347,0.506314715,0.166638969,0.718523766,0.431800471,0.497644451,0.632250587,0.514949089
"Feature275",0.155084812,0.283602933,0.350074531,0.278415777,0.809063416,0.49760758,0.533115336,0.64789426,0.975283371,0.760920358,0.650843151,0.417248007,0.095556669,0.795939463,0.766464702,0.824578045,0.148876097,0.618034119,0.262811643,0.176639582,0.375999142,0.545263046
"Feature276",0.389626526,0.555317297,0.687502062,0.591441669,0.958743961,0.269357564,0.638280337,0.637739736,0.922938677,0.565991875,0.70483371,0.349619142,0.687165348,0.45296515,0.83521873,0.832925454,0.585828431,0.372201561,0.237449974,0.7680185,0.866885414,0.190849057
"Feature277",0.332969244,0.702309851,0.801997955,0.216752769,0.699642046,0.235275195,0.579646856,0.894361429,0.21611659,0.737239674,0.401860228,0.496920541,0.533137395,0.810474517,0.16132544,0.558039269,0.348551759,0.453753254,0.353119133,0.238770083,0.463764077,0.483853551
"Feature278",0.26099333,0.797791337,0.743629946,0.531100173,0.682443833,0.448860856,0.474749846,0.838577964,0.485906313,0.443964984,0.23241408,0.182969209,0.244094008,0.712619647,0.103651991,0.275057668,0.447572793,0.117765513,0.574409615,0.191341569,0.78701032,0.147086527
"Feature279",0.149025302,0.42097446,0.670587188,0.687421236,0.312423007,0.269258354,0.510549314,0.657162614,0.931632864,0.431021027,0.797523765,0.819655827,0.316223234,0.720474387,0.504899619,0.429512363,0.286807873,0.432501558,0.640911945,0.574681773,0.535213939,0.783629889
"Feature280",NA,NA,NA,NA,NA,NA,NA,NA,NA,NA,NA,NA,NA,NA,NA,NA,NA,NA,NA,NA,NA,NA
"Feature281",NA,NA,NA,NA,NA,NA,NA,NA,NA,NA,NA,NA,NA,NA,NA,NA,NA,NA,NA,NA,NA,NA
"Feature282",NA,NA,NA,NA,NA,NA,NA,NA,NA,NA,NA,NA,NA,NA,NA,NA,NA,NA,NA,NA,NA,NA
"Feature283",0.641008433,0.485527693,0.613755091,0.348990596,0.985334048,0.847923168,0.727056289,0.737040989,0.924430554,0.40165501,0.373789666,0.407496434,0.578117552,0.762072696,0.670784224,0.645030519,0.560618629,0.435637073,0.789645691,0.447698913,0.700620506,0.770860485
"Feature284",0.561949014,0.503982546,0.63713174,0.35959353,0.961970155,0.710290364,0.805668289,0.679159267,0.881989934,0.317093622,0.255319484,0.143386105,0.330162346,0.563192831,0.661663031,0.387881173,0.422415737,0.363040122,0.69987537,0.380942581,0.479575106,0.768484448
"Feature285",0.436751038,0.133116762,0.471666881,0.472269393,0.886823203,0.355391079,0.388987246,0.873821852,0.898269808,0.673625318,0.178242008,0.173213705,0.038849187,0.901125706,0.193571914,0.690776252,0.812124861,0.769121743,0.537725999,0.374941156,0.196187057,0.322957288
"Feature286",0.796053498,0.57515847,0.32161679,0.578379501,0.50208964,0.428491708,0.644137926,0.363861576,0.791694547,0.256266031,0.929933414,0.706327588,0.462752812,0.503797874,0.660405886,0.836354654,0.627566159,0.293501282,0.926742585,0.40045531,0.901957449,0.692335831
"Feature287",0.727269849,0.615689397,0.931568308,0.854267185,0.760273526,0.596957535,0.457668264,0.582634378,0.525159686,0.830909431,0.863458499,0.608546346,0.649222633,0.893783345,0.585120699,0.758044627,0.481148565,0.622170886,0.540850301,0.639192801,0.862140732,0.783819941
"Feature288",0.756675296,0.611959848,0.731444573,0.890000874,0.777067939,0.620592244,0.488716721,0.61145894,0.543604923,0.890040295,0.764185855,0.632813003,0.68781571,0.929149806,0.602797898,0.603671037,0.505419006,0.658534144,0.572778631,0.670105794,0.885285165,0.803648289
"Feature289",0.277726802,0.213692855,0.151782235,0.303421729,0.418848244,0.863616935,0.425131786,0.21005095,0.9594664,0.88881666,0.959842771,0.567230883,0.286663914,0.235193465,0.620892102,0.500099342,0.929694623,0.680176966,0.958028737,0.767631164,0.383974488,0.417287222
"Feature290",NA,NA,NA,NA,NA,NA,NA,NA,NA,NA,NA,NA,NA,NA,NA,NA,NA,NA,NA,NA,NA,NA
"Feature291",0.824042658,0.879403073,0.190040208,0.314152648,0.31274136,0.237241674,0.602634077,0.749640757,0.965213786,0.879644028,0.874935505,0.803970094,0.397628824,0.797422197,0.781064546,0.510218018,0.184825349,0.456941632,0.390350661,0.967556589,0.834781665,0.415246745
"Feature292",0.783319699,0.824250552,0.183639899,0.301850947,0.313323571,0.264033355,0.516337492,0.714162486,0.953724589,0.875505323,0.89787652,0.805513255,0.39132045,0.763898125,0.762011838,0.501543712,0.187816821,0.460353078,0.385067573,0.962241118,0.854907063,0.399441718
"Feature293",0.788553406,0.833631871,0.18279456,0.297709957,0.318099352,0.265311586,0.517957672,0.71645483,0.952092552,0.871435355,0.90641497,0.785336271,0.385271092,0.75004427,0.794285082,0.596615451,0.18759569,0.448563579,0.380517723,0.984520409,0.839316715,0.395199983
"Feature294",0.758282195,0.741097674,0.182559046,0.291806882,0.432149208,0.277448201,0.521826084,0.595051259,0.962457544,0.83511546,0.87658891,0.765524625,0.39428261,0.721061449,0.79016812,0.576360318,0.196181286,0.430805721,0.513113248,0.959470645,0.922375716,0.503223893
"Feature295",0.748032728,0.813583838,0.594071871,0.572667606,0.838685018,0.677036762,0.626395841,0.653592109,0.967855288,0.635236879,0.883991968,0.745108784,0.725781372,0.774203967,0.620194814,0.845044613,0.591182391,0.638781342,0.89282787,0.664639239,0.651145957,0.623574137
"Feature296",0.7290036,0.816630037,0.589262374,0.672347573,0.811149363,0.670843114,0.62968916,0.652852436,0.974629667,0.627416191,0.830145484,0.725841724,0.70761261,0.702984144,0.620262921,0.856739749,0.602044528,0.642519143,0.824550378,0.65357429,0.648716798,0.628843316
"Feature297",0.701229572,0.788326151,0.711710006,0.787447343,0.820272471,0.742746707,0.733394536,0.804735463,0.95340657,0.732072936,0.719967726,0.73383226,0.766570915,0.701256826,0.722976943,0.865021258,0.715985299,0.729450832,0.709823016,0.74467326,0.74692817,0.727479446
"Feature298",0.633756851,0.655215196,0.650655142,0.735482717,0.805216812,0.689529765,0.675749789,0.775199298,0.982209123,0.689147698,0.64891449,0.680142547,0.747830357,0.651008164,0.662097749,0.83983685,0.675769017,0.808688646,0.661011452,0.714572529,0.694125901,0.692606979
"Feature299",0.619597435,0.641812676,0.86044152,0.636551113,0.631692436,0.702592395,0.679466563,0.977200326,0.693559651,0.692498705,0.712334474,0.687625439,0.729849931,0.697599367,0.650808216,0.72547588,0.645007936,0.68030818,0.679410177,0.698693422,0.684500745,0.71272759
